"experience_level","employment_type","job_title","salary","remote_ratio","company_location","company_size"
"SE","FT","Data Scientist",135000,100,"US","M"
"SE","FT","Data Engineer",96800,100,"US","M"
"SE","FT","Data Scientist",180000,0,"US","M"
"SE","FT","Data Engineer",135000,0,"US","M"
"MI","FT","Data Engineer",143000,0,"US","M"
"SE","FT","Research Scientist",204500,0,"US","M"
"EN","FT","Data Engineer",160000,0,"US","M"
"SE","FT","Data Scientist",81250,100,"GB","M"
"SE","FT","Data Scientist",66666,0,"ES","M"
"MI","FT","Data Scientist",79976,100,"GB","M"
"SE","FT","Research Scientist",303050,0,"US","M"
"SE","FT","Data Engineer",90000,0,"US","M"
"SE","FT","Research Scientist",132500,0,"US","M"
"SE","FT","Data Scientist",295490,0,"US","M"
"SE","FT","Data Architect",117000,0,"US","M"
"SE","FT","Machine Learning Engineer",140358,100,"DE","M"
"SE","FT","Data Science Manager",206000,100,"US","M"
"SE","FT","Data Analyst",140000,0,"US","M"
"MI","FT","Data Engineer",105000,100,"US","M"
"MI","FT","Data Scientist",160000,0,"US","M"
"SE","FT","Data Scientist",150000,0,"US","M"
"MI","FT","Data Analyst",150000,0,"US","M"
"EN","FT","Data Scientist",144650,0,"US","M"
"EN","PT","Data Scientist",58300,0,"US","M"
"SE","FT","Machine Learning Engineer",129300,0,"US","M"
"MI","FT","Data Scientist",73100,0,"US","M"
"SE","FT","Data Analyst",105000,0,"US","M"
"SE","FT","Data Engineer",115000,0,"US","M"
"MI","FT","Data Scientist",220000,0,"US","M"
"MI","FT","Autonomous Vehicle Technician",120000,50,"GB","M"
"SE","FT","Data Engineer",145000,0,"US","M"
"EN","FT","Data Engineer",135000,0,"US","M"
"SE","FT","Analytics Engineer",179820,0,"US","M"
"SE","FT","Data Scientist",139000,0,"US","M"
"SE","FT","Analytics Engineer",140000,0,"CA","M"
"SE","FT","Data Scientist",165000,0,"US","M"
"SE","FT","Data Engineer",232000,0,"US","M"
"MI","FT","ML Engineer",140000,0,"US","M"
"SE","FT","Data Scientist",1e+05,0,"US","M"
"MI","FT","Data Analyst",49253,100,"GB","M"
"EN","FT","Data Science",37120,0,"US","M"
"SE","FT","Applied Scientist",230000,100,"US","M"
"SE","FT","Data Engineer",132000,100,"US","M"
"MI","FT","Data Engineer",84053,100,"ES","M"
"SE","FT","Data Analyst",123648,0,"US","M"
"SE","FT","Data Science Manager",198200,100,"US","M"
"SE","FT","Machine Learning Engineer",283780,0,"US","M"
"SE","FT","Data Engineer",180000,0,"US","M"
"MI","FT","Data Analyst",1e+05,0,"US","M"
"MI","FT","Business Intelligence Developer",70650,0,"US","M"
"SE","FT","Data Engineer",170000,0,"US","M"
"SE","FT","Machine Learning Scientist",170000,0,"US","M"
"MI","FT","Data Engineer",105700,0,"US","L"
"MI","FT","Data Analyst",109000,0,"US","M"
"SE","FT","Research Engineer",235680,0,"US","M"
"SE","FT","Data Analyst",75000,100,"US","M"
"MI","FT","Analytics Engineer",115000,0,"US","M"
"SE","FT","Data Scientist",104650,100,"US","M"
"SE","FT","Data Analyst",210000,100,"US","M"
"SE","FT","Data Engineer",76500,0,"US","M"
"SE","FT","Data Engineer",150600,100,"GB","M"
"SE","FT","Data Science Manager",152000,100,"FR","L"
"MI","FT","Data Engineer",115000,100,"US","M"
"MI","FT","Data Analyst",80000,0,"US","M"
"MI","FT","Data Scientist",43064,0,"GB","M"
"MI","FT","Data Scientist",183200,0,"US","M"
"MI","FT","Data Engineer",120000,0,"US","M"
"SE","FT","Data Scientist",216100,0,"US","M"
"SE","FT","Machine Learning Engineer",119700,0,"US","M"
"MI","FT","Data Engineer",198900,0,"US","M"
"SE","FT","Data Analyst",85500,0,"US","M"
"MI","FT","Machine Learning Engineer",106720,0,"US","M"
"EN","FT","Data Scientist",65000,0,"US","M"
"MI","FT","BI Developer",1e+05,0,"US","M"
"SE","FT","Data Scientist",225000,100,"US","M"
"MI","FT","Data Analytics Manager",178250,100,"US","M"
"SE","FT","Data Analyst",110600,0,"US","M"
"SE","FT","Machine Learning Engineer",189650,0,"US","M"
"MI","FT","Data Analyst",134400,0,"US","M"
"MI","FT","Applied Scientist",222200,0,"US","L"
"SE","FT","Data Scientist",206000,0,"US","M"
"SE","FT","Decision Scientist",204500,0,"US","M"
"SE","FT","Applied Scientist",209000,100,"PL","M"
"SE","FT","Data Scientist",127950,0,"US","M"
"MI","FT","Data Analyst",80000,0,"US","M"
"SE","FT","Machine Learning Engineer",212500,0,"US","M"
"MI","FT","Data Engineer",147500,0,"US","M"
"MI","FT","Data Scientist",73100,0,"US","M"
"SE","FT","Data Scientist",120000,0,"US","M"
"SE","FT","Machine Learning Engineer",264400,100,"US","M"
"SE","FT","Data Scientist",164000,100,"US","M"
"SE","FT","Data Analyst",126480,0,"US","M"
"SE","FT","Data Engineer",123700,0,"US","L"
"SE","FT","Data Scientist",202800,0,"US","L"
"SE","FT","Machine Learning Engineer",96200,0,"US","M"
"SE","FT","Data Engineer",146000,0,"US","M"
"SE","FT","Data Engineer",125000,0,"US","M"
"SE","FT","Data Science Consultant",131100,0,"US","M"
"EN","FT","Business Intelligence Analyst",99000,0,"US","M"
"SE","FT","Applied Scientist",350000,0,"US","L"
"EN","FT","Data Management Analyst",60000,0,"US","M"
"SE","FT","Machine Learning Engineer",159000,0,"US","M"
"SE","FT","Data Engineer",153600,0,"US","M"
"SE","FT","Data Engineer",150000,100,"US","M"
"MI","FT","Data Scientist",212000,0,"EG","M"
"SE","FT","BI Analyst",130000,0,"US","M"
"SE","FT","Data Engineer",118000,0,"US","M"
"MI","FT","Applied Scientist",136000,0,"US","L"
"SE","FT","Research Engineer",130000,0,"US","M"
"SE","FT","Data Engineer",154600,0,"US","L"
"MI","FT","Data Engineer",73100,0,"US","M"
"SE","FT","Data Scientist",155500,0,"US","M"
"MI","FT","Data Engineer",150000,0,"US","M"
"SE","FT","Data Analyst",115000,0,"US","M"
"MI","FT","Research Scientist",295000,0,"US","M"
"MI","FT","Data Manager",128000,0,"US","M"
"MI","FT","Machine Learning Engineer",150000,0,"US","M"
"SE","FT","Data Architect",184000,0,"US","M"
"SE","FT","Data Analyst",122000,100,"US","M"
"SE","FT","Data Scientist",324000,0,"US","M"
"SE","FT","Machine Learning Scientist",230000,0,"US","M"
"MI","FT","Research Engineer",2e+05,0,"US","M"
"SE","FT","Data Scientist",203649,100,"US","M"
"EN","FT","Data Visualization Specialist",82800,0,"US","M"
"MI","FT","Data Scientist",188500,0,"US","M"
"SE","FT","Data Specialist",72000,0,"US","M"
"MI","FT","Machine Learning Engineer",48000,100,"VN","M"
"MI","FT","Data Engineer",169000,0,"US","M"
"SE","FT","Data Scientist",129300,0,"US","M"
"SE","FT","Data Manager",120000,0,"US","M"
"SE","FT","Data Engineer",160000,0,"US","M"
"SE","FT","Data Analyst",120000,0,"US","M"
"SE","FT","Research Scientist",164000,100,"US","M"
"EX","FT","BI Developer",130000,0,"US","M"
"MI","FT","Analytics Engineer",91260,0,"US","M"
"EX","FT","Data Engineer",115500,0,"US","M"
"MI","FT","Data Scientist",180000,0,"US","M"
"SE","FT","Data Scientist",176000,0,"US","M"
"SE","FT","Data Scientist",204100,0,"US","M"
"MI","FT","Machine Learning Engineer",133333,0,"DE","M"
"SE","FT","Machine Learning Engineer",269000,100,"CA","M"
"SE","FT","Machine Learning Engineer",284310,0,"US","M"
"SE","FT","Machine Learning Engineer",242921,0,"US","M"
"SE","FT","Data Engineer",202000,100,"US","M"
"MI","FT","Data Analyst",150000,0,"US","M"
"SE","FT","Data Engineer",145000,0,"US","M"
"EN","FT","Data Analyst",157600,0,"US","M"
"MI","FT","Data Engineer",93000,0,"US","M"
"MI","FT","Data Science Practitioner",93900,0,"US","M"
"SE","FT","Analytics Engineer",250000,0,"US","M"
"EN","FT","Data Scientist",70000,0,"US","M"
"SE","FT","Data Analyst",122000,0,"US","M"
"SE","FT","Data Engineer",172200,100,"US","M"
"EX","FT","Head of Data",290000,100,"US","M"
"SE","FT","Machine Learning Engineer",258800,0,"US","M"
"SE","FT","Data Scientist",118000,100,"US","M"
"EN","FT","Data Science Analyst",64000,0,"US","M"
"MI","FT","Data Developer",95000,0,"US","M"
"MI","FT","Data Manager",115500,0,"US","M"
"SE","FT","Data Analyst",99750,100,"US","M"
"MI","FT","Data Engineer",140000,0,"US","M"
"SE","FT","Data Architect",63000,0,"US","M"
"SE","FT","Machine Learning Engineer",80000,0,"US","M"
"EN","FT","Data Engineer",79976,0,"GB","M"
"SE","FT","Business Intelligence Engineer",79600,0,"US","L"
"EN","FT","Analytics Engineer",37573,100,"NL","M"
"SE","FT","Machine Learning Engineer",225000,0,"US","M"
"EN","FT","AI Scientist",18053,100,"AS","S"
"SE","FT","Data Scientist",38000,100,"US","M"
"SE","FT","ML Engineer",114979,100,"AU","L"
"SE","FT","Data Scientist",129300,0,"US","M"
"SE","FT","Applied Scientist",250000,100,"US","M"
"MI","FT","Machine Learning Engineer",130000,0,"US","M"
"SE","FT","Data Scientist",135000,100,"US","M"
"SE","FT","Data Analyst",142000,0,"US","M"
"SE","FT","Applied Scientist",164000,100,"US","M"
"SE","FT","Data Analyst",140000,0,"US","M"
"MI","FT","Robotics Software Engineer",198000,0,"US","M"
"SE","FT","Data Engineer",167200,100,"US","M"
"SE","FT","Machine Learning Engineer",172200,0,"US","M"
"MI","FT","Research Engineer",118600,0,"US","M"
"SE","FT","Data Engineer",190000,100,"US","M"
"SE","FT","Data Scientist",215300,0,"US","L"
"SE","FT","Data Engineer",94500,0,"US","M"
"SE","FT","Business Intelligence Engineer",79600,0,"US","L"
"SE","FT","Applied Scientist",260000,0,"US","L"
"MI","FT","Data Engineer",149600,0,"US","M"
"MI","FT","Data Engineer",88000,0,"CO","M"
"SE","FT","Data Analyst",157500,100,"US","M"
"SE","FT","Data Scientist",314100,0,"US","M"
"SE","FT","BI Data Analyst",66666,50,"DE","S"
"MI","FT","Data Scientist",90000,100,"US","M"
"SE","FT","Data Science",157900,100,"CA","M"
"SE","FT","Data Engineer",185000,100,"US","M"
"SE","FT","Data Engineer",56250,100,"GB","M"
"SE","FT","Data Architect",94000,0,"US","M"
"MI","FT","Research Engineer",150000,0,"US","M"
"EX","FT","Data Scientist",145000,0,"US","M"
"SE","FT","Research Engineer",157000,0,"US","M"
"SE","FT","Data Engineer",178000,100,"US","M"
"SE","FT","Data Engineer",63000,100,"US","M"
"SE","FT","Data Architect",180000,100,"US","M"
"SE","FT","Data Engineer",105700,0,"US","L"
"MI","FT","Data Engineer",175000,0,"US","M"
"EX","FT","Data Scientist",2e+05,0,"US","M"
"SE","FT","Machine Learning Engineer",170000,0,"US","M"
"SE","FT","Machine Learning Engineer",140000,0,"US","M"
"SE","FT","Data Scientist",170000,0,"US","M"
"SE","FT","Data Manager",110400,0,"US","M"
"SE","FT","Data Scientist",160000,100,"US","M"
"SE","FT","Data Analyst",36912,100,"GB","S"
"EN","FT","Research Scientist",162170,100,"US","M"
"MI","FT","Data Engineer",161500,100,"US","M"
"SE","FT","Data Engineer",140100,0,"US","M"
"SE","FT","Research Scientist",144600,0,"US","M"
"MI","FT","Data Scientist",45760,100,"US","S"
"SE","FT","BI Developer",105000,0,"US","M"
"MI","FT","Data Analyst",98873,0,"US","M"
"MI","CT","Applied Machine Learning Scientist",97712,100,"NL","L"
"MI","FT","Data Analyst",73824,0,"GB","M"
"EN","FT","Data Analyst",80000,100,"US","M"
"MI","FT","Data Scientist",86128,0,"GB","M"
"SE","FT","Lead Data Engineer",276000,0,"US","L"
"MI","FT","Data Analyst",110000,0,"US","M"
"MI","FT","Data Engineer",184000,0,"US","M"
"MI","FT","Data Engineer",107800,0,"US","M"
"SE","FT","Data Analyst",110000,100,"PL","M"
"MI","FT","Data Engineer",123000,0,"US","M"
"MI","FT","Machine Learning Scientist",170000,0,"US","M"
"MI","FT","Data Manager",115500,0,"US","M"
"SE","FT","Data Engineer",100006,0,"CA","M"
"SE","FT","Machine Learning Engineer",166000,0,"US","M"
"MI","FT","Data Analyst",138000,0,"US","M"
"MI","FT","Data Engineer",95000,0,"US","M"
"SE","FT","Data Architect",120000,0,"US","M"
"SE","FT","Data Analyst",150000,100,"US","M"
"MI","FT","Data Analyst",50000,0,"US","M"
"SE","FT","Research Engineer",240000,0,"US","M"
"MI","FT","Data Integration Specialist",54000,0,"US","M"
"MI","FT","Machine Learning Researcher",1e+05,100,"US","M"
"SE","FT","Data Scientist",150200,0,"US","M"
"MI","FT","Data Analyst",120000,100,"US","M"
"SE","FT","Machine Learning Engineer",142000,0,"US","M"
"EN","FT","Applied Scientist",213660,0,"US","L"
"SE","FT","Analytics Engineer",132100,100,"US","M"
"SE","FT","Data Engineer",190000,100,"US","M"
"SE","FT","Data Scientist",305600,0,"US","M"
"SE","FT","Machine Learning Engineer",204500,0,"US","M"
"MI","FT","Data Engineer",84053,100,"GR","M"
"SE","FT","Data Scientist",173200,0,"US","M"
"MI","FT","Analytics Engineer",221500,0,"US","M"
"SE","FT","Data Scientist",127300,0,"US","L"
"SE","FT","Data Engineer",140000,0,"US","M"
"MI","FT","Data Engineer",121000,0,"US","M"
"SE","FT","Applied Scientist",136000,0,"US","L"
"SE","FT","Data Analyst",130000,100,"US","M"
"MI","FT","Data Analyst",90000,100,"US","M"
"SE","FT","AI Engineer",170200,0,"US","M"
"SE","FT","Data Engineer",111000,0,"US","M"
"SE","FT","Research Scientist",337300,0,"US","M"
"SE","FT","Data Science Manager",174000,100,"US","L"
"MI","FT","Data Analytics Manager",155000,0,"US","M"
"SE","FT","Data Engineer",113000,0,"US","M"
"SE","FT","Data Engineer",1e+05,0,"US","M"
"EN","FT","Data Engineer",85000,0,"US","M"
"SE","FT","Data Engineer",145000,0,"US","M"
"EX","FT","Data Engineer",136000,100,"US","M"
"MI","FT","Data Engineer",80000,100,"US","M"
"SE","FT","Data Engineer",110500,100,"US","M"
"MI","FT","Data Scientist",46809,100,"ES","M"
"MI","FT","Data Scientist",116000,0,"US","M"
"SE","FT","Analytics Engineer",289800,0,"GB","M"
"MI","FT","Data Engineer",148000,0,"US","M"
"SE","FT","Data Scientist",110000,100,"US","M"
"SE","FT","Data Analyst",125000,0,"US","M"
"SE","FT","Machine Learning Engineer",164000,100,"US","M"
"SE","FT","Data Scientist",120000,0,"US","M"
"SE","FT","Data Engineer",175000,0,"US","M"
"MI","FT","Analytics Engineer",117400,0,"US","M"
"MI","FT","Data Specialist",60000,0,"US","M"
"SE","FT","Machine Learning Scientist",277000,0,"US","M"
"SE","FT","Research Scientist",278700,0,"US","M"
"SE","FT","Data Analyst",82000,0,"US","M"
"MI","FT","Data Engineer",70179,100,"FR","M"
"SE","FT","Machine Learning Engineer",176300,100,"US","M"
"SE","FT","Machine Learning Researcher",73100,0,"US","M"
"SE","FT","Machine Learning Engineer",258800,0,"US","M"
"SE","FT","Machine Learning Engineer",159000,0,"US","M"
"SE","FT","Business Data Analyst",78000,100,"US","L"
"MI","FT","Business Intelligence Engineer",185000,0,"US","L"
"SE","FT","Data Scientist",197000,100,"US","M"
"MI","FT","Data Scientist",55000,0,"US","M"
"SE","FT","Data Scientist",38868,0,"ES","M"
"SE","FT","Data Architect",175564,100,"US","M"
"SE","FT","Data Scientist",115000,100,"CA","M"
"MI","FT","Data Engineer",84053,100,"ES","M"
"MI","FT","Data Analyst",150000,0,"US","M"
"SE","FT","Data Architect",168000,100,"US","M"
"SE","FT","BI Analyst",18381,100,"TR","L"
"SE","FT","Data Analyst",84870,0,"US","M"
"SE","FT","Data Scientist",174500,100,"US","M"
"MI","FT","Data Scientist",97060,100,"US","M"
"SE","FT","Machine Learning Infrastructure Engineer",79976,100,"GB","M"
"SE","FT","Data Scientist",38000,100,"US","M"
"SE","FT","Data Engineer",117000,0,"US","M"
"SE","FT","Data Scientist",177300,0,"US","M"
"SE","FT","Data Scientist",156400,0,"US","M"
"SE","FT","Machine Learning Scientist",90000,0,"US","M"
"SE","FT","Data Analyst",113000,100,"US","M"
"MI","FT","Data Engineer",75000,0,"US","M"
"MI","FT","Data Engineer",28369,50,"MT","L"
"MI","FT","Data Engineer",120000,0,"US","M"
"SE","FT","Applied Scientist",136000,0,"US","L"
"EN","FT","Data Scientist",135000,0,"US","M"
"SE","FT","Data Science Consultant",94000,0,"US","M"
"MI","FT","Data Operations Associate",55555,0,"DE","M"
"MI","FT","Machine Learning Engineer",149094,0,"US","M"
"MI","FT","Data Engineer",155000,0,"US","M"
"SE","FT","Analytics Engineer",95000,0,"US","M"
"SE","FT","ETL Developer",124270,100,"US","M"
"SE","FT","Lead Data Analyst",170000,100,"US","L"
"SE","FT","Applied Scientist",309400,0,"US","L"
"SE","FT","Data Analyst",140000,100,"US","M"
"SE","FT","Machine Learning Scientist",138000,100,"US","M"
"MI","FT","Research Scientist",165000,100,"US","M"
"SE","FT","Business Intelligence Engineer",108500,100,"US","M"
"SE","FT","Research Scientist",163200,0,"US","M"
"SE","FT","Research Engineer",196000,0,"US","M"
"SE","FT","Data Analyst",206500,100,"US","M"
"SE","FT","Data Scientist",192000,0,"US","M"
"SE","FT","Data Scientist",273500,0,"US","M"
"SE","FT","Data Architect",4e+05,100,"US","M"
"SE","FT","Machine Learning Engineer",230000,0,"US","M"
"EX","FT","Data Scientist",258750,0,"US","M"
"SE","FT","Data Analyst",145000,0,"US","M"
"SE","FT","Data Engineer",135000,100,"US","M"
"MI","FT","Applied Scientist",170000,0,"US","M"
"MI","FT","Machine Learning Engineer",92280,100,"GB","M"
"MI","FT","Data Manager",167000,0,"US","M"
"SE","FT","Analytics Engineer",110000,100,"US","M"
"SE","FT","Machine Learning Engineer",234500,0,"US","M"
"MI","FT","Data Analyst",131000,0,"US","M"
"SE","FT","Data Analyst",73100,0,"US","M"
"MI","FT","Applied Scientist",136000,0,"US","L"
"SE","FT","Analytics Engineer",275300,100,"US","M"
"EN","FT","Data Scientist",80000,0,"US","M"
"SE","FT","Data Engineer",135000,0,"US","M"
"SE","FT","AI Engineer",180500,100,"US","M"
"SE","FT","Business Intelligence Analyst",194521,0,"US","M"
"SE","FT","Machine Learning Engineer",189000,100,"US","M"
"SE","FT","Machine Learning Engineer",205600,100,"US","M"
"SE","FT","Data Engineer",165000,100,"US","M"
"SE","FT","Machine Learning Researcher",250800,0,"US","M"
"SE","FT","Data Architect",280100,100,"US","M"
"MI","FT","Machine Learning Engineer",73100,0,"US","M"
"SE","FT","Machine Learning Engineer",331640,0,"US","M"
"MI","FT","Data Scientist",116000,0,"US","M"
"SE","FT","Machine Learning Engineer",142200,0,"US","M"
"SE","FT","Data Scientist",194500,0,"US","M"
"SE","FT","Data Engineer",147100,0,"US","M"
"MI","FT","Research Engineer",128000,0,"US","M"
"SE","FT","Data Analyst",81666,100,"US","M"
"EX","FT","Business Intelligence",120000,0,"US","M"
"SE","FT","Data Engineer",180000,100,"US","M"
"SE","FT","Data Engineer",1e+05,0,"US","M"
"SE","FT","Applied Scientist",230000,100,"US","M"
"SE","FT","Analytics Engineer",155800,100,"US","M"
"SE","FT","Data Scientist",80000,0,"US","M"
"MI","FT","Data Engineer",133000,0,"US","M"
"EN","FT","Data Analyst",28299,0,"GB","M"
"SE","FT","Machine Learning Scientist",108308,100,"US","M"
"SE","FT","Data Scientist",268000,0,"US","M"
"SE","FT","Robotics Engineer",165000,0,"US","M"
"SE","FT","Data Engineer",180000,0,"US","M"
"SE","FT","Data Science Consultant",128000,0,"US","M"
"SE","FT","Data Scientist",285800,0,"US","M"
"SE","FT","Data Scientist",136300,0,"US","M"
"SE","FT","AI Architect",197500,0,"US","M"
"SE","FT","Analytics Engineer",66250,0,"GB","M"
"SE","FT","Data Analyst",93919,100,"US","M"
"SE","FT","Data Scientist",184800,0,"US","M"
"MI","FT","Machine Learning Scientist",180000,100,"CA","M"
"SE","FT","Data Scientist",125000,0,"US","M"
"MI","FT","Data Analyst",110000,100,"US","M"
"MI","FT","Data Scientist",35000,0,"IN","L"
"SE","FT","Data Architect",186000,0,"US","M"
"SE","FT","Machine Learning Engineer",238000,0,"US","M"
"EX","FT","Data Scientist",220000,0,"US","M"
"MI","FT","Data Manager",63000,0,"US","L"
"SE","FT","Business Intelligence Engineer",79600,0,"US","L"
"SE","FT","Data Analyst",80000,0,"IE","M"
"MI","FT","Data Scientist",68975,0,"CA","M"
"SE","FT","Analytics Engineer",108320,100,"US","M"
"SE","FT","Business Data Analyst",1e+05,100,"US","L"
"SE","FT","Machine Learning Engineer",132600,0,"US","M"
"SE","FT","AI Engineer",64781,100,"ES","M"
"SE","FT","Data Manager",95300,100,"US","M"
"MI","FT","Data Scientist",127500,100,"US","M"
"SE","FT","Machine Learning Modeler",204500,0,"US","M"
"SE","FT","Data Modeler",147100,0,"US","M"
"MI","FT","Machine Learning Scientist",150000,0,"US","M"
"SE","FT","Business Intelligence Manager",82500,0,"GB","M"
"SE","FT","Data Scientist",93300,0,"US","M"
"SE","FT","Data Scientist",201000,0,"US","M"
"EX","FT","Data Engineer",2e+05,0,"US","M"
"MI","FT","Data Analyst",111151,100,"US","M"
"SE","FT","Data Analyst",125000,100,"US","M"
"SE","FT","Data Scientist",125000,0,"US","M"
"MI","FT","Data Scientist",144650,0,"US","M"
"MI","FT","Data Engineer",140000,0,"US","M"
"SE","FT","ML Engineer",247250,0,"US","M"
"MI","FT","Data Engineer",220000,100,"CA","M"
"SE","FT","Applied Scientist",290000,100,"US","M"
"SE","FT","Research Scientist",198800,0,"US","M"
"SE","FT","Data Scientist",140000,0,"US","M"
"SE","FT","Data Analyst",128875,100,"US","M"
"MI","FT","Data Engineer",130000,0,"US","M"
"SE","FT","Data Scientist",160000,100,"US","M"
"SE","FT","Data Engineer",168600,100,"US","M"
"EN","FT","Data Analyst",50000,100,"US","M"
"SE","FT","Machine Learning Engineer",238000,0,"US","M"
"MI","FT","Business Intelligence Specialist",109238,0,"US","M"
"EN","FT","Data Analyst",63000,0,"US","M"
"SE","FT","Data Engineer",247500,0,"US","M"
"SE","FT","Data Engineer",191857,0,"US","M"
"SE","FT","Data Analyst",36773,0,"ES","M"
"SE","FT","Data Operations Analyst",144000,0,"GB","M"
"SE","FT","Machine Learning Researcher",50000,50,"UA","S"
"SE","FT","Machine Learning Engineer",225000,0,"US","M"
"SE","FT","Data Analyst",80850,0,"US","M"
"MI","FT","Data Analyst",1e+05,0,"US","M"
"SE","FT","Data Science",234700,0,"US","M"
"SE","FT","Data Scientist",175000,100,"US","M"
"SE","FT","Data Analyst",158494,100,"US","M"
"MI","FT","Business Intelligence Engineer",165600,0,"US","L"
"SE","FT","Data Engineer",96000,100,"US","M"
"SE","FT","Data Architect",115000,0,"US","M"
"SE","FT","Data Analyst",165000,100,"US","M"
"EN","FT","Research Scientist",150000,0,"US","M"
"MI","FT","Data Engineer",130000,0,"US","M"
"EN","FT","Data Integration Specialist",85000,0,"CA","M"
"SE","FT","Data Engineer",120000,0,"US","M"
"SE","FT","Research Engineer",176700,100,"US","M"
"SE","FT","Machine Learning Engineer",204500,0,"US","M"
"MI","FT","Data Manager",115500,0,"US","M"
"SE","FT","MLOps Engineer",175000,0,"US","M"
"SE","FT","Data Scientist",215300,100,"US","L"
"MI","FT","Data Science",86000,0,"US","M"
"SE","FT","Machine Learning Engineer",234300,0,"US","M"
"SE","FT","Data Engineer",199000,0,"US","M"
"EX","FT","Data Engineer",130000,0,"US","M"
"SE","FT","Data Specialist",165000,100,"US","L"
"SE","FT","Data Analyst",160000,0,"US","M"
"MI","FT","Applied Scientist",222200,0,"US","L"
"SE","FT","Data Analyst",210000,100,"US","M"
"SE","FT","Machine Learning Scientist",204600,0,"US","M"
"SE","FT","Data Engineer",130000,100,"US","M"
"SE","FT","Machine Learning Engineer",124000,0,"CA","M"
"MI","FT","Decision Scientist",142200,0,"US","M"
"SE","FT","Business Intelligence Analyst",92500,0,"GB","M"
"EN","FT","Business Data Analyst",48000,50,"US","L"
"SE","FT","Data Science",179000,0,"US","M"
"SE","FT","Applied Scientist",222200,0,"US","L"
"SE","FT","Machine Learning Engineer",276000,0,"US","M"
"SE","FT","Business Intelligence",260000,0,"US","M"
"SE","FT","Data Scientist",122700,0,"US","M"
"EX","FT","Data Analyst",145000,0,"US","M"
"MI","FT","Data Engineer",84053,100,"GR","M"
"EX","FT","Head of Data",115000,100,"BR","M"
"SE","FT","Data Manager",233500,0,"US","M"
"SE","FT","Data Analyst",104000,100,"US","M"
"SE","FT","Data Scientist",120000,0,"US","M"
"SE","FT","Analytics Engineer",178600,0,"US","M"
"SE","FT","Data Scientist",190000,0,"US","M"
"SE","FT","Data Engineer",199000,0,"US","M"
"SE","FT","Data Scientist",141525,100,"US","M"
"SE","FT","Data Engineer",75000,0,"US","M"
"SE","FT","Data Science",115000,100,"US","M"
"SE","FT","Data Engineer",129000,0,"US","M"
"SE","FT","Data Analyst",134000,100,"US","M"
"SE","FT","Data Analyst",99450,100,"US","M"
"SE","FT","Data Engineer",116000,100,"US","M"
"MI","FT","Data Analyst",1e+05,100,"US","M"
"EN","FT","Data Analyst",50000,100,"GB","M"
"SE","FT","Data Modeler",130000,100,"US","M"
"MI","FT","Data Engineer",75000,100,"US","M"
"SE","FT","Data Science Manager",245100,0,"US","M"
"SE","FT","Machine Learning Engineer",255800,0,"US","M"
"SE","FT","Data Analyst",102000,0,"US","M"
"MI","FT","Data Analyst",166000,0,"US","M"
"SE","FT","Data Analyst",110000,100,"US","M"
"SE","FT","Data Analyst",95000,0,"US","M"
"SE","FT","Data Scientist",168000,100,"US","M"
"SE","FT","Machine Learning Engineer",240000,0,"US","M"
"SE","FT","Data Analyst",133300,100,"US","M"
"SE","FT","Research Analyst",56359,100,"IT","M"
"SE","FT","Research Scientist",278700,0,"US","M"
"EX","FT","Data Engineer",168854,0,"US","M"
"MI","FT","Data Scientist",95490,0,"US","M"
"EX","FT","Head of Data",204500,0,"US","M"
